article_type,comment_num,create_date,fav_num,praise_num,title,webpage_image_url
IT技术,0,2017/09/25,5,1,常用 GDB 命令中文速览,http://jbcdn2.b0.upaiyun.com/2014/05/1389f92e6bd3378cb6e4522971b7db35.jpg
IT技术,1,2017/09/18,0,1,React 许可证的五宗罪,http://jbcdn2.b0.upaiyun.com/2014/09/a7d76e2b76679ff9b1827452d44218fc.png
IT技术,0,2017/09/26,3,2,如何读懂火焰图？,http://jbcdn2.b0.upaiyun.com/2017/09/b404a4768d2fc81f0cce6188bc5cb6d4.jpg
IT技术,1,2017/09/19,1,1,Linux 大爆炸：一个内核，无数发行版,http://jbcdn2.b0.upaiyun.com/2016/08/2e327580770370cc02c696e176d4cb77.jpg
开发,0,2017/09/22,0,1,比尔·盖茨评审产品时说 F**k 最少的一次,http://wx1.sinaimg.cn/large/7cc829d3gy1fjpv065lnvj20eu0b5jru.jpg
职场,1,2017/09/25,1,1,为什么招不到最好的程序员？SO 创始人有些建议,http://wx1.sinaimg.cn/mw690/7cc829d3gy1fjvmq1aacgj20hv0ajwf6.jpg
IT技术,0,2017/09/15,1,1,Linux 26 周年，来一场怀旧之旅,http://jbcdn2.b0.upaiyun.com/2014/04/e260ae4f5d153b25be87819b25ff0577.jpg
IT技术,0,2017/09/14,8,2,MySQL 索引设计概要,http://jbcdn2.b0.upaiyun.com/2015/11/e78e36715813f49e9e62fe0c6050075c.png
IT技术,0,2017/09/26,5,1,区块链原理最清晰最直观的解释,http://jbcdn2.b0.upaiyun.com/2017/09/2a6eafb1f8c84ccaa82e82ced15970cc.jpg
IT技术,0,2017/09/22,2,1,di：比 df 更有用的磁盘信息工具,http://jbcdn2.b0.upaiyun.com/2017/09/6651cf008d33392633d7cfe2a111763f.png
开发,2,2017/09/16,3,5,为什么 Python 增长如此之快？,http://jbcdn2.b0.upaiyun.com/2015/02/edecceebedd0d04aa17bccba430ddcaf.jpg
PHP,2,2017/09/19,0,1,自上而下，逐步揭开 PHP 解析大整数的面纱,http://jbcdn2.b0.upaiyun.com/2016/04/81fddcca1b7455ef27983ecf42a8502b.jpg
IT技术,0,2017/09/27,0,1,都100%代码覆盖了，还会有什么问题？,http://insights.thoughtworks.cn/wp-content/uploads/2017/09/code-coverage1.jpg
IT技术,0,2017/09/27,0,1,从 UNIX 到 GitHub：十个关于自由和开源软件历史的重要事件,http://jbcdn2.b0.upaiyun.com/2017/09/2fec23b02c0912d1938581f7a420f11e.jpg
职场,22,2017/09/20,4,1,每周 70+ 小时，吴恩达的招人要求之一,http://wx3.sinaimg.cn/large/7cc829d3gy1fjq718j3rvj20g00bf0zp.jpg
开发,4,2017/09/14,0,4,惊叹！这个盲人程序员是这样写代码的,http://wx2.sinaimg.cn/mw690/6941baebly1fjj46lxsofj20sg0lc3zw.jpg
IT技术,0,2017/09/21,2,3,没有报酬，有多少开源项目维护者能坚持？,http://wx1.sinaimg.cn/mw690/7cc829d3gy1fjreozv07cj20oz0gg3z9.jpg
IT技术,0,2017/09/15,10,4,每个程序员都该知道的五大定律,http://blog.ippon.tech/content/images/2017/08/Murphys-law.jpg
IT技术,0,2017/09/25,6,2,2017 全栈开发人员修炼指南,http://jbcdn2.b0.upaiyun.com/2017/09/d38cc3316c54cabe5ecb538af748a0f7.png
开发,1,2017/09/19,12,2,微博爬虫“免登录”技巧详解及 Java 实现,http://jbcdn2.b0.upaiyun.com/2015/04/63b78db96b87489a5800bda3165b2689.jpg
